{
    "IDH3B": {
        "type": "disease",
        "Degree": 3,
        "Betwenness": 0.0012743125419181756,
        "Eigen": 0.0012743125419181756,
        "Closeness": 0.20821114369501467,
        "Ratio Betwenness/Degree": 0.00042477084730605853
    },
    "BBS10": {
        "type": "disease",
        "Degree": 1,
        "Betwenness": 0.0,
        "Eigen": 0.0,
        "Closeness": 0.1591928251121076,
        "Ratio Betwenness/Degree": 0.0
    },
    "RPGRIP1L": {
        "type": "disease",
        "Degree": 6,
        "Betwenness": 0.11006036217303823,
        "Eigen": 0.11006036217303823,
        "Closeness": 0.2268370607028754,
        "Ratio Betwenness/Degree": 0.01834339369550637
    },
    "SPATA7": {
        "type": "disease",
        "Degree": 1,
        "Betwenness": 0.0,
        "Eigen": 0.0,
        "Closeness": 0.185378590078329,
        "Ratio Betwenness/Degree": 0.0
    },
    "BBS7": {
        "type": "disease",
        "Degree": 11,
        "Betwenness": 0.13215291750503022,
        "Eigen": 0.13215291750503022,
        "Closeness": 0.18882978723404256,
        "Ratio Betwenness/Degree": 0.012013901591366383
    },
    "CNNM4": {
        "type": "disease",
        "Degree": 1,
        "Betwenness": 0.0,
        "Eigen": 0.0,
        "Closeness": 0.16864608076009502,
        "Ratio Betwenness/Degree": 0.0
    },
    "PRPF31": {
        "type": "disease",
        "Degree": 7,
        "Betwenness": 0.24949027498323273,
        "Eigen": 0.24949027498323273,
        "Closeness": 0.23986486486486486,
        "Ratio Betwenness/Degree": 0.03564146785474753
    },
    "FBLN5": {
        "type": "disease",
        "Degree": 2,
        "Betwenness": 0.23889336016096588,
        "Eigen": 0.23889336016096588,
        "Closeness": 0.24398625429553264,
        "Ratio Betwenness/Degree": 0.11944668008048294
    },
    "MKKS": {
        "type": "disease",
        "Degree": 1,
        "Betwenness": 0.0,
        "Eigen": 0.0,
        "Closeness": 0.13813229571984437,
        "Ratio Betwenness/Degree": 0.0
    },
    "GIGYF2": {
        "type": "disease",
        "Degree": 4,
        "Betwenness": 0.2575251509054325,
        "Eigen": 0.2575251509054325,
        "Closeness": 0.23666666666666666,
        "Ratio Betwenness/Degree": 0.06438128772635812
    },
    "EFEMP1": {
        "type": "disease",
        "Degree": 1,
        "Betwenness": 0.0,
        "Eigen": 0.0,
        "Closeness": 0.2,
        "Ratio Betwenness/Degree": 0.0
    },
    "SNRNP200": {
        "type": "disease",
        "Degree": 7,
        "Betwenness": 0.03686116700201206,
        "Eigen": 0.03686116700201206,
        "Closeness": 0.21515151515151515,
        "Ratio Betwenness/Degree": 0.005265881000287437
    },
    "NEK2": {
        "type": "disease",
        "Degree": 2,
        "Betwenness": 0.009691482226693495,
        "Eigen": 0.009691482226693495,
        "Closeness": 0.17661691542288557,
        "Ratio Betwenness/Degree": 0.0048457411133467476
    },
    "INPP5E": {
        "type": "disease",
        "Degree": 2,
        "Betwenness": 0.25044265593561355,
        "Eigen": 0.25044265593561355,
        "Closeness": 0.23202614379084968,
        "Ratio Betwenness/Degree": 0.12522132796780677
    },
    "ACO2": {
        "type": "disease",
        "Degree": 2,
        "Betwenness": 0.028169014084507043,
        "Eigen": 0.028169014084507043,
        "Closeness": 0.1632183908045977,
        "Ratio Betwenness/Degree": 0.014084507042253521
    },
    "LRP2": {
        "type": "disease",
        "Degree": 3,
        "Betwenness": 0.2056338028169014,
        "Eigen": 0.2056338028169014,
        "Closeness": 0.20943952802359883,
        "Ratio Betwenness/Degree": 0.06854460093896714
    },
    "AHI1": {
        "type": "disease",
        "Degree": 3,
        "Betwenness": 0.014527162977867204,
        "Eigen": 0.014527162977867204,
        "Closeness": 0.20579710144927535,
        "Ratio Betwenness/Degree": 0.004842387659289068
    },
    "OFD1": {
        "type": "disease",
        "Degree": 11,
        "Betwenness": 0.3758148893360159,
        "Eigen": 0.3758148893360159,
        "Closeness": 0.23666666666666666,
        "Ratio Betwenness/Degree": 0.03416498993963781
    },
    "TTLL5": {
        "type": "disease",
        "Degree": 2,
        "Betwenness": 0.2364788732394367,
        "Eigen": 0.2364788732394367,
        "Closeness": 0.23905723905723905,
        "Ratio Betwenness/Degree": 0.11823943661971835
    },
    "CC2D2A": {
        "type": "disease",
        "Degree": 3,
        "Betwenness": 0.0001341381623071764,
        "Eigen": 0.0001341381623071764,
        "Closeness": 0.19398907103825136,
        "Ratio Betwenness/Degree": 4.47127207690588e-05
    },
    "ALMS1": {
        "type": "disease",
        "Degree": 1,
        "Betwenness": 0.0,
        "Eigen": 0.0,
        "Closeness": 0.1591928251121076,
        "Ratio Betwenness/Degree": 0.0
    },
    "BBS1": {
        "type": "disease",
        "Degree": 8,
        "Betwenness": 0.028470824949698187,
        "Eigen": 0.028470824949698187,
        "Closeness": 0.17661691542288557,
        "Ratio Betwenness/Degree": 0.0035588531187122734
    },
    "PRPF3": {
        "type": "disease",
        "Degree": 7,
        "Betwenness": 0.042669349429912816,
        "Eigen": 0.042669349429912816,
        "Closeness": 0.21385542168674698,
        "Ratio Betwenness/Degree": 0.006095621347130402
    },
    "ARL2BP": {
        "type": "disease",
        "Degree": 1,
        "Betwenness": 0.0,
        "Eigen": 0.0,
        "Closeness": 0.1136,
        "Ratio Betwenness/Degree": 0.0
    },
    "POC1B": {
        "type": "disease",
        "Degree": 1,
        "Betwenness": 0.0,
        "Eigen": 0.0,
        "Closeness": 0.14822546972860126,
        "Ratio Betwenness/Degree": 0.0
    },
    "CEP290": {
        "type": "disease",
        "Degree": 3,
        "Betwenness": 0.014527162977867204,
        "Eigen": 0.014527162977867204,
        "Closeness": 0.20579710144927535,
        "Ratio Betwenness/Degree": 0.004842387659289068
    },
    "BBS12": {
        "type": "disease",
        "Degree": 2,
        "Betwenness": 0.028169014084507043,
        "Eigen": 0.028169014084507043,
        "Closeness": 0.15990990990990991,
        "Ratio Betwenness/Degree": 0.014084507042253521
    },
    "GPHN": {
        "type": "disease",
        "Degree": 1,
        "Betwenness": 0.0,
        "Eigen": 0.0,
        "Closeness": 0.17661691542288557,
        "Ratio Betwenness/Degree": 0.0
    },
    "FAM161A": {
        "type": "disease",
        "Degree": 2,
        "Betwenness": 0.028169014084507043,
        "Eigen": 0.028169014084507043,
        "Closeness": 0.17359413202933985,
        "Ratio Betwenness/Degree": 0.014084507042253521
    },
    "TTC8": {
        "type": "disease",
        "Degree": 6,
        "Betwenness": 0.0,
        "Eigen": 0.0,
        "Closeness": 0.17574257425742573,
        "Ratio Betwenness/Degree": 0.0
    },
    "TIMP3": {
        "type": "disease",
        "Degree": 3,
        "Betwenness": 0.158953722334004,
        "Eigen": 0.158953722334004,
        "Closeness": 0.17884130982367757,
        "Ratio Betwenness/Degree": 0.05298457411133467
    },
    "PRSS23": {
        "type": "disease",
        "Degree": 1,
        "Betwenness": 0.0,
        "Eigen": 0.0,
        "Closeness": 0.17359413202933985,
        "Ratio Betwenness/Degree": 0.0
    },
    "USH1C": {
        "type": "disease",
        "Degree": 2,
        "Betwenness": 0.08209255533199195,
        "Eigen": 0.08209255533199195,
        "Closeness": 0.13575525812619502,
        "Ratio Betwenness/Degree": 0.04104627766599597
    },
    "LCA5": {
        "type": "disease",
        "Degree": 4,